loop_id;module;function_name;function_id;source_info;level;inc_time_p;inc_time_s;inc_time_s_min;inc_time_s_avg;inc_time_s_max;inc_cov_deviation;inc_time_deviation;exc_time_p;exc_time_s;exc_time_s_min;exc_time_s_avg;exc_time_s_max;exc_cov_deviation;exc_time_deviation;nb_threads;flops;
5;measure_opti_parallel;kernel._omp_fn.0;5;driver_opti.c:21-22;Innermost;12.099298477173;0.6237188577652;0.42999988794327;0.62218743562698;0.82499986886978;1.9255774021149;0.098978146910667;12.099298477173;0.6237188577652;0.42999988794327;0.62218743562698;0.82499986886978;1.9255774021149;0.098978146910667;32;;
6;measure_opti_parallel;kernel._omp_fn.0;5;driver_opti.c:20-24;Outermost;12.190454483032;0.62841796875;0.51499998569489;0.64026308059692;0.82999986410141;1.8165036439896;0.0934147387743;0.09115494042635;0.0046990374103189;0.00499999942258;0.0078947357833385;0.014999998733401;0.067320756614208;0.0034624126274139;19;;
