block_id;module;source_info;time_p;time_s;time_s_min;time_s_avg;time_s_max;cov_deviation;time_deviation;nb_threads;flops;
172;measure_opti_parallel;driver_opti.c:21-22;12.099298477173;0.6237188577652;0.42999988794327;0.62218743562698;0.82499986886978;1.9255774021149;0.098978146910667;32;;
161;measure_opti_parallel;driver_opti.c:18-19;1.3673241138458;0.070485562086105;0.0099999997764826;0.070312492549419;0.11499997973442;0.51938086748123;0.026758700609207;32;;
186;measure_opti_parallel;driver_opti.c:24-24;0.054692965000868;0.0028194223996252;0.00499999942258;0.0069230762310326;0.0099999997764826;0.049199562519789;0.0025318481493741;13;;
167;measure_opti_parallel;driver_opti.c:19-19;0.03950047492981;0.0020362494979054;0.00499999942258;0.0059090903960168;0.0099999997764826;0.03941048681736;0.0020225995685905;11;;
171;measure_opti_parallel;driver_opti.c:20-20;0.036461979150772;0.001879615127109;0.00499999942258;0.0054545449092984;0.0099999997764826;0.029216568917036;0.0015075567644089;11;;
170;measure_opti_parallel;driver_opti.c:18-22;0.012153992429376;0.00062653835630044;0.00499999942258;0.00499999942258;0.00499999942258;0.0017462976975366;0;4;;
162;measure_opti_parallel;driver_opti.c:18-18;0.0030384981073439;0.00015663458907511;0.00499999942258;0.00499999942258;0.00499999942258;0;0;1;;
169;measure_opti_parallel;driver_opti.c:19-19;0.0030384981073439;0.00015663458907511;0.0049999998882413;0.0049999998882413;0.0049999998882413;0;0;1;;
