function_id;module;function_name;source_info;inc_time_p;inc_time_s;inc_time_s_min;inc_time_s_avg;inc_time_s_max;inc_cov_deviation;inc_time_deviation;exc_time_p;exc_time_s;exc_time_s_min;exc_time_s_avg;exc_time_s_max;exc_cov_deviation;exc_time_deviation;nb_threads;cats;label_name;flops;
1;measure_opti;main;stdlib.h:483-483,driver_opti.c:15-25,driver_opti.c:41-62,driver_opti.c:68-86,driver_opti.c:93-134;85.505912780762;63.594997406006;63.594993591309;63.594993591309;63.594993591309;0;0;1.1399171853554e-05;8.478130439471e-06;8.478130439471e-06;8.478130439471e-06;8.478130439471e-06;0;0;1;"100,0,0,0,0,0,0,0,0,0";main;;
216;libc.so.6;random;;13.142857551575;9.774995803833;9.7749967575073;9.7749967575073;9.7749967575073;0;0;13.142857551575;9.774995803833;9.7749967575073;9.7749967575073;9.7749967575073;0;0;1;"0,0,0,0,0,0,0,0,0,100";random;;
218;libc.so.6;random_r;;0.9613448381424;0.71499997377396;0.71499991416931;0.71499991416931;0.71499991416931;0;0;0.9613448381424;0.71499997377396;0.71499991416931;0.71499991416931;0.71499991416931;0;0;1;"0,0,0,0,0,0,0,0,0,100";random_r;;
211;libc.so.6;rand;;0.37647065520287;0.27999994158745;0.27999994158745;0.27999994158745;0.27999994158745;0;0;0.37647065520287;0.27999994158745;0.27999994158745;0.27999994158745;0.27999994158745;0;0;1;"0,0,0,0,0,0,0,0,0,100";rand;;
-1;measure_opti;unknown_function;;0.013445381075144;0.00999999884516;0.0099999979138374;0.0099999979138374;0.0099999979138374;0;0;0;0;0;0;0;0;0;1;"100,0,0,0,0,0,0,0,0,0";Unknown function;;
