Node;Process;Thread;#max_time_on_cpu_s;#Stop Time US;Time (s);Math (%);#Elapsed Time;String (%);#Stop Time S;Others (%);System (%);#Start Time US;Memory (%);OMP (%);Binary (%);Nb Cycle Events;#max_context_switch_time_s;IO (%);#Start Time S;MPI (%);Pthread (%);
_ALL;_ALL;_ALL;0;722204;185.15995788574;0;185.19580078125;0;1740333651;0.0081011023791918;0;526405;0;0;99.991904665848;37031.997123079;0;0;1740333466;0;0;
otapie;_ALL;_ALL;0;722204;185.15995788574;0;185.19580078125;0;1740333651;0.0081011023791918;0;526405;0;0;99.991904665848;37031.997123079;0;0;1740333466;0;0;
otapie;36338;_ALL;0;722204;185.15995788574;0;185.19580078125;0;1740333651;0.0081011023791918;0;526405;0;0;99.991904665848;37031.997123079;0;0;1740333466;0;0;
otapie;36338;36338;163.43075561523;722204;185.15995788574;0;185.19580078125;0;1740333651;0.0081011023791918;0;526405;0;0;99.991904665848;37031.997123079;163.43075561523;0;1740333466;0;0;
