Node;Process;Thread;#max_time_on_cpu_s;#Stop Time US;Time (s);Math (%);#Elapsed Time;String (%);#Stop Time S;Others (%);System (%);#Start Time US;Memory (%);OMP (%);Binary (%);Nb Cycle Events;#max_context_switch_time_s;IO (%);#Start Time S;MPI (%);Pthread (%);
_ALL;_ALL;_ALL;0;756380;187.36996459961;0;187.38798522949;0;1740329492;0.010674067873042;0;368398;0;0;99.989333193393;37473.998175542;0;0;1740329305;0;0;
otapie;_ALL;_ALL;0;756380;187.36996459961;0;187.38798522949;0;1740329492;0.010674067873042;0;368398;0;0;99.989333193393;37473.998175542;0;0;1740329305;0;0;
otapie;27125;_ALL;0;756380;187.36996459961;0;187.38798522949;0;1740329492;0.010674067873042;0;368398;0;0;99.989333193393;37473.998175542;0;0;1740329305;0;0;
otapie;27125;27125;187.33987426758;756380;187.36996459961;0;187.38798522949;0;1740329492;0.010674067873042;0;368398;0;0;99.989333193393;37473.998175542;187.33987426758;0;1740329305;0;0;
