loop_id;module;function_name;function_id;source_info;level;inc_time_p;inc_time_s;inc_time_s_min;inc_time_s_avg;inc_time_s_max;inc_cov_deviation;inc_time_deviation;exc_time_p;exc_time_s;exc_time_s_min;exc_time_s_avg;exc_time_s_max;exc_cov_deviation;exc_time_deviation;nb_threads;flops;
5;measure;kernel;5;driver.c:17-18;Innermost;99.698455810547;186.8049621582;186.80497741699;186.80497741699;186.80497741699;0;0;99.698455810547;186.8049621582;186.80497741699;186.80497741699;186.80497741699;0;0;1;;
6;measure;kernel;5;driver.c:10-10,driver.c:16-17;InBetween;99.965324401855;187.30499267578;187.30499267578;187.30499267578;187.30499267578;0;0;0.2668516933918;0.49999991059303;0.49999991059303;0.49999991059303;0.49999991059303;0;0;1;;
7;measure;kernel;5;driver.c:10-10,driver.c:15-15;Outermost;99.981323242188;187.33497619629;187.33497619629;187.33497619629;187.33497619629;0;0;0.016011102125049;0.029999997466803;0.029999995604157;0.029999995604157;0.029999995604157;0;0;1;;
1;measure;main;1;driver.c:88-89;Innermost;0.0026685169432312;0.00499999942258;0.00499999942258;0.00499999942258;0.00499999942258;0;0;0.0026685169432312;0.00499999942258;0.00499999942258;0.00499999942258;0.00499999942258;0;0;1;;
