function_id;module;function_name;source_info;inc_time_p;inc_time_s;inc_time_s_min;inc_time_s_avg;inc_time_s_max;inc_cov_deviation;inc_time_deviation;exc_time_p;exc_time_s;exc_time_s_min;exc_time_s_avg;exc_time_s_max;exc_cov_deviation;exc_time_deviation;nb_threads;cats;label_name;flops;
5;measure;kernel;driver.c:10-22;99.989204406738;185.13996887207;185.13996887207;185.13996887207;185.13996887207;0;0;0.0081071211025119;0.015011141076684;0.015011142008007;0.015011142008007;0.015011142008007;0;0;1;"100,0,0,0,0,0,0,0,0,0";kernel;;
216;libc.so.6;random;;0.0054007349535823;0.00999999884516;0.00999999884516;0.00999999884516;0.00999999884516;0;0;0.0054007349535823;0.00999999884516;0.00999999884516;0.00999999884516;0.00999999884516;0;0;1;"0,0,0,0,0,0,0,0,0,100";random;;
1;measure;main;stdlib.h:483-483,driver.c:35-56,driver.c:62-128;0.0027003674767911;0.00499999942258;0.00499999942258;0.00499999942258;0.00499999942258;0;0;0;0;0;0;0;0;0;1;"100,0,0,0,0,0,0,0,0,0";main;;
-1;libc.so.6;unknown_function;;0.0027003674767911;0.00499999942258;0.00499999942258;0.00499999942258;0.00499999942258;0;0;0;0;0;0;0;0;0;1;"0,0,0,0,0,0,0,0,0,100";Unknown function;;
