loop_id;module;function_name;function_id;source_info;level;inc_time_p;inc_time_s;inc_time_s_min;inc_time_s_avg;inc_time_s_max;inc_cov_deviation;inc_time_deviation;exc_time_p;exc_time_s;exc_time_s_min;exc_time_s_avg;exc_time_s_max;exc_cov_deviation;exc_time_deviation;nb_threads;flops;
5;measure;kernel;5;driver.c:17-18;Innermost;99.735359191895;184.66995239258;184.66995239258;184.66995239258;184.66995239258;0;0;99.735359191895;184.66995239258;184.66995239258;184.66995239258;184.66995239258;0;0;1;;
6;measure;kernel;5;driver.c:10-10,driver.c:16-17;InBetween;99.978393554688;185.11994934082;185.11996459961;185.11996459961;185.11996459961;0;0;0.24303308129311;0.44999992847443;0.44999998807907;0.44999998807907;0.44999998807907;0;0;1;;
4;measure;main;1;driver.c:35-36;Innermost;0.0027003674767911;0.00499999942258;0.00499999942258;0.00499999942258;0.00499999942258;0;0;0.0027003674767911;0.00499999942258;0.00499999942258;0.00499999942258;0.00499999942258;0;0;1;;
7;measure;kernel;5;driver.c:10-10,driver.c:15-15;Outermost;99.981101989746;185.12495422363;185.12495422363;185.12495422363;185.12495422363;0;0;0.0027003674767911;0.00499999942258;0.00499999942258;0.00499999942258;0.00499999942258;0;0;1;;
