Node;Process;Thread;#max_time_on_cpu_s;#Stop Time US;Time (s);Math (%);#Elapsed Time;String (%);#Stop Time S;Others (%);System (%);#Start Time US;Memory (%);OMP (%);Binary (%);Nb Cycle Events;#max_context_switch_time_s;IO (%);#Start Time S;MPI (%);Pthread (%);
_ALL;_ALL;_ALL;0;201202;2.2449996471405;0;2.2617399692535;0;1740332059;0.6681514845675;0;939462;0;0;99.331842279108;448.99997519903;0;0;1740332056;0;0;
otapie;_ALL;_ALL;0;201202;2.2449996471405;0;2.2617399692535;0;1740332059;0.6681514845675;0;939462;0;0;99.331842279108;448.99997519903;0;0;1740332056;0;0;
otapie;33229;_ALL;0;201202;2.2449996471405;0;2.2617399692535;0;1740332059;0.6681514845675;0;939462;0;0;99.331842279108;448.99997519903;0;0;1740332056;0;0;
otapie;33229;33229;2.2353920936584;201202;2.2449996471405;0;2.2617399692535;0;1740332059;0.6681514845675;0;939462;0;0;99.331842279108;448.99997519903;2.2353920936584;0;1740332056;0;0;
