Node;Process;Thread;#max_time_on_cpu_s;#Stop Time US;Time (s);Math (%);#Elapsed Time;String (%);#Stop Time S;Others (%);System (%);#Start Time US;Memory (%);OMP (%);Binary (%);Nb Cycle Events;#max_context_switch_time_s;IO (%);#Start Time S;MPI (%);Pthread (%);
_ALL;_ALL;_ALL;0;518701;2.2599999904633;0;2.2642860412598;0;1740335468;0.66371678831352;0;254415;0;0;99.336287371289;452.00001760132;0;0;1740335466;0;0;
otapie;_ALL;_ALL;0;518701;2.2599999904633;0;2.2642860412598;0;1740335468;0.66371678831352;0;254415;0;0;99.336287371289;452.00001760132;0;0;1740335466;0;0;
otapie;38115;_ALL;0;518701;2.2599999904633;0;2.2642860412598;0;1740335468;0.66371678831352;0;254415;0;0;99.336287371289;452.00001760132;0;0;1740335466;0;0;
otapie;38115;38115;1.8903650045395;518701;2.2599999904633;0;2.2642860412598;0;1740335468;0.66371678831352;0;254415;0;0;99.336287371289;452.00001760132;1.8903650045395;0;1740335466;0;0;
