function_id;module;function_name;source_info;inc_time_p;inc_time_s;inc_time_s_min;inc_time_s_avg;inc_time_s_max;inc_cov_deviation;inc_time_deviation;exc_time_p;exc_time_s;exc_time_s_min;exc_time_s_avg;exc_time_s_max;exc_cov_deviation;exc_time_deviation;nb_threads;cats;label_name;flops;
1;measure_opti;main;stdlib.h:483-483,driver_opti.c:15-25,driver_opti.c:41-62,driver_opti.c:68-86,driver_opti.c:93-134;99.336288452148;2.2450001239777;2.2450001239777;2.2450001239777;2.2450001239777;0;0;2.3895590857137e-06;5.4004036798005e-08;5.4004036798005e-08;5.4004036798005e-08;5.4004036798005e-08;0;0;1;"100,0,0,0,0,0,0,0,0,0";main;;
216;libc.so.6;random;;0.6637167930603;0.014999999664724;0.014999999664724;0.014999999664724;0.014999999664724;0;0;0.6637167930603;0.014999999664724;0.014999999664724;0.014999999664724;0.014999999664724;0;0;1;"0,0,0,0,0,0,0,0,0,100";random;;
