loop_id;module;function_name;function_id;source_info;level;inc_time_p;inc_time_s;inc_time_s_min;inc_time_s_avg;inc_time_s_max;inc_cov_deviation;inc_time_deviation;exc_time_p;exc_time_s;exc_time_s_min;exc_time_s_avg;exc_time_s_max;exc_cov_deviation;exc_time_deviation;nb_threads;flops;
4;measure_opti;main;1;driver_opti.c:22-23;Innermost;75.442474365234;1.7049999237061;1.7050000429153;1.7050000429153;1.7050000429153;0;0;75.442474365234;1.7049999237061;1.7050000429153;1.7050000429153;1.7050000429153;0;0;1;;
5;measure_opti;main;1;driver_opti.c:20-25;InBetween;99.115043640137;2.2400000095367;2.2400000095367;2.2400000095367;2.2400000095367;0;0;23.672567367554;0.53500002622604;0.5349999666214;0.5349999666214;0.5349999666214;0;0;1;;
8;measure_opti;main;1;driver_opti.c:22-23;Innermost;0.22123892605305;0.0049999998882413;0.0049999998882413;0.0049999998882413;0.0049999998882413;0;0;0.22123892605305;0.0049999998882413;0.0049999998882413;0.0049999998882413;0.0049999998882413;0;0;1;;
